{
  "rows": [
    {
      "log_return": 0.0,
      "spread_bps": 0.0014345986913609724,
      "vol_60s": 0.0,
      "mean_return_60s": 0.0,
      "trade_intensity_60s": 0.016666666666666666,
      "n_ticks_60s": 1,
      "spread_mean_60s": 0.010000000009313226,
      "ts": "2026-04-06T15:02:34.590029Z"
    }
  ]
}
